{
	"credit": "Made with Blockbench",
	"credit": "Model Made by Etomic and OtterLover",
	"ambientocclusion": false,
	"textures": {
		"0": "block/detector_rail",
		"particle": "block/detector_rail_on",
		"1_0": "block/detector_rail_on"
	},
	"elements": [
		{
			"name": "left",
			"from": [2, 8.25, -5],
			"to": [4, 9.25, 18],
			"rotation": {"angle": 45, "axis": "x", "origin": [8, 7.5, 8]},
			"faces": {
				"north": {"uv": [2, 0, 4, 1], "rotation": 180, "texture": "#0"},
				"east": {"uv": [3, 0, 4, 16], "rotation": 90, "texture": "#0"},
				"south": {"uv": [2, 15, 4, 16], "texture": "#0"},
				"west": {"uv": [2, 0, 3, 16], "rotation": 270, "texture": "#0"},
				"up": {"uv": [2, 0, 4, 16], "texture": "#0"},
				"down": {"uv": [2, 16, 4, 0], "texture": "#0"}
			}
		},
		{
			"name": "right",
			"from": [12, 8.25, -5],
			"to": [14, 9.25, 18],
			"rotation": {"angle": 45, "axis": "x", "origin": [8, 7.5, 8]},
			"faces": {
				"north": {"uv": [12, 0, 14, 1], "rotation": 180, "texture": "#0"},
				"east": {"uv": [13, 0, 14, 16], "rotation": 90, "texture": "#0"},
				"south": {"uv": [12, 15, 14, 16], "texture": "#0"},
				"west": {"uv": [12, 0, 13, 16], "rotation": 270, "texture": "#0"},
				"up": {"uv": [12, 0, 14, 16], "texture": "#0"},
				"down": {"uv": [12, 16, 14, 0], "texture": "#0"}
			}
		},
		{
			"name": "left1",
			"from": [1, 13.25, 1],
			"to": [4, 14.25, 3],
			"rotation": {"angle": 45, "axis": "x", "origin": [8, 13.5, 2]},
			"faces": {
				"north": {"uv": [1, 1, 2, 2], "texture": "#0"},
				"east": {"uv": [1, 1, 2, 3], "rotation": 90, "texture": "#0"},
				"south": {"uv": [1, 2, 2, 3], "texture": "#0"},
				"west": {"uv": [1, 1, 2, 3], "rotation": 270, "texture": "#0"},
				"up": {"uv": [1, 1, 2, 3], "texture": "#0"},
				"down": {"uv": [1, 1, 2, 3], "rotation": 180, "texture": "#0"}
			}
		},
		{
			"name": "left2",
			"from": [1, 9.25, 5],
			"to": [6, 10.25, 7],
			"rotation": {"angle": 45, "axis": "x", "origin": [8, 9.5, 6]},
			"faces": {
				"north": {"uv": [1, 1, 2, 2], "texture": "#0"},
				"east": {"uv": [1, 1, 2, 3], "rotation": 90, "texture": "#0"},
				"south": {"uv": [1, 2, 2, 3], "texture": "#0"},
				"west": {"uv": [1, 1, 2, 3], "rotation": 270, "texture": "#0"},
				"up": {"uv": [1, 1, 2, 3], "texture": "#0"},
				"down": {"uv": [1, 1, 2, 3], "rotation": 180, "texture": "#0"}
			}
		},
		{
			"name": "left3",
			"from": [1, 5.25, 9],
			"to": [6, 6.25, 11],
			"rotation": {"angle": 45, "axis": "x", "origin": [8, 5.5, 10]},
			"faces": {
				"north": {"uv": [1, 1, 2, 2], "texture": "#0"},
				"east": {"uv": [1, 1, 2, 3], "rotation": 90, "texture": "#0"},
				"south": {"uv": [1, 2, 2, 3], "texture": "#0"},
				"west": {"uv": [1, 1, 2, 3], "rotation": 270, "texture": "#0"},
				"up": {"uv": [1, 1, 2, 3], "texture": "#0"},
				"down": {"uv": [1, 1, 2, 3], "rotation": 180, "texture": "#0"}
			}
		},
		{
			"name": "left4",
			"from": [1, 1.25, 13],
			"to": [4, 2.25, 15],
			"rotation": {"angle": 45, "axis": "x", "origin": [8, 1.5, 14]},
			"faces": {
				"north": {"uv": [1, 1, 2, 2], "texture": "#0"},
				"east": {"uv": [1, 1, 2, 3], "rotation": 90, "texture": "#0"},
				"south": {"uv": [1, 2, 2, 3], "texture": "#0"},
				"west": {"uv": [1, 1, 2, 3], "rotation": 270, "texture": "#0"},
				"up": {"uv": [1, 1, 2, 3], "texture": "#0"},
				"down": {"uv": [1, 1, 2, 3], "rotation": 180, "texture": "#0"}
			}
		},
		{
			"name": "right1",
			"from": [12, 13.25, 1],
			"to": [15, 14.25, 3],
			"rotation": {"angle": 45, "axis": "x", "origin": [8, 13.5, 2]},
			"faces": {
				"north": {"uv": [1, 1, 2, 2], "texture": "#0"},
				"east": {"uv": [1, 1, 2, 3], "rotation": 90, "texture": "#0"},
				"south": {"uv": [1, 2, 2, 3], "texture": "#0"},
				"west": {"uv": [1, 1, 2, 3], "rotation": 270, "texture": "#0"},
				"up": {"uv": [1, 1, 2, 3], "texture": "#0"},
				"down": {"uv": [1, 1, 2, 3], "rotation": 180, "texture": "#0"}
			}
		},
		{
			"name": "right2",
			"from": [10, 9.25, 5],
			"to": [15, 10.25, 7],
			"rotation": {"angle": 45, "axis": "x", "origin": [8, 9.5, 6]},
			"faces": {
				"north": {"uv": [1, 1, 2, 2], "texture": "#0"},
				"east": {"uv": [1, 1, 2, 3], "rotation": 90, "texture": "#0"},
				"south": {"uv": [1, 2, 2, 3], "texture": "#0"},
				"west": {"uv": [1, 1, 2, 3], "rotation": 270, "texture": "#0"},
				"up": {"uv": [1, 1, 2, 3], "texture": "#0"},
				"down": {"uv": [1, 1, 2, 3], "rotation": 180, "texture": "#0"}
			}
		},
		{
			"name": "right3",
			"from": [10, 5.25, 9],
			"to": [15, 6.25, 11],
			"rotation": {"angle": 45, "axis": "x", "origin": [8, 5.5, 10]},
			"faces": {
				"north": {"uv": [1, 1, 2, 2], "texture": "#0"},
				"east": {"uv": [1, 1, 2, 3], "rotation": 90, "texture": "#0"},
				"south": {"uv": [1, 2, 2, 3], "texture": "#0"},
				"west": {"uv": [1, 1, 2, 3], "rotation": 270, "texture": "#0"},
				"up": {"uv": [1, 1, 2, 3], "texture": "#0"},
				"down": {"uv": [1, 1, 2, 3], "rotation": 180, "texture": "#0"}
			}
		},
		{
			"name": "right4",
			"from": [12, 1.25, 13],
			"to": [15, 2.25, 15],
			"rotation": {"angle": 45, "axis": "x", "origin": [8, 1.5, 14]},
			"faces": {
				"north": {"uv": [1, 1, 2, 2], "texture": "#0"},
				"east": {"uv": [1, 1, 2, 3], "rotation": 90, "texture": "#0"},
				"south": {"uv": [1, 2, 2, 3], "texture": "#0"},
				"west": {"uv": [1, 1, 2, 3], "rotation": 270, "texture": "#0"},
				"up": {"uv": [1, 1, 2, 3], "texture": "#0"},
				"down": {"uv": [1, 1, 2, 3], "rotation": 180, "texture": "#0"}
			}
		},
		{
			"name": "top",
			"from": [4, 13.25, 1],
			"to": [12, 14.25, 3],
			"rotation": {"angle": 45, "axis": "x", "origin": [8, 13.5, 2]},
			"faces": {
				"north": {"uv": [4, 1, 12, 2], "rotation": 180, "texture": "#0"},
				"east": {"uv": [1, 1, 2, 3], "rotation": 90, "texture": "#0"},
				"south": {"uv": [4, 2, 12, 3], "texture": "#0"},
				"west": {"uv": [14, 1, 15, 3], "rotation": 270, "texture": "#0"},
				"up": {"uv": [4, 1, 12, 3], "texture": "#0"},
				"down": {"uv": [12, 1, 4, 3], "rotation": 180, "texture": "#0"}
			}
		},
		{
			"name": "bottom",
			"from": [4, 1.25, 13],
			"to": [12, 2.25, 15],
			"rotation": {"angle": 45, "axis": "x", "origin": [8, 1.5, 14]},
			"faces": {
				"north": {"uv": [4, 13, 12, 14], "rotation": 180, "texture": "#0"},
				"east": {"uv": [1, 13, 2, 15], "rotation": 90, "texture": "#0"},
				"south": {"uv": [4, 14, 12, 15], "texture": "#0"},
				"west": {"uv": [14, 13, 15, 15], "rotation": 270, "texture": "#0"},
				"up": {"uv": [4, 13, 12, 15], "texture": "#0"},
				"down": {"uv": [12, 13, 4, 15], "rotation": 180, "texture": "#0"}
			}
		},
		{
			"name": "redstone top",
			"from": [5, 9.075, 7],
			"to": [11, 10.075, 8],
			"rotation": {"angle": 45, "axis": "x", "origin": [8, 10.33333, 8]},
			"faces": {
				"north": {"uv": [5, 5, 11, 6], "texture": "#1_0"},
				"east": {"uv": [10, 5, 11, 6], "texture": "#1_0"},
				"south": {"uv": [5, 5, 11, 6], "texture": "#1_0"},
				"west": {"uv": [5, 5, 6, 6], "texture": "#1_0"},
				"up": {"uv": [5, 5, 11, 6], "texture": "#1_0"},
				"down": {"uv": [5, 5, 11, 6], "texture": "#1_0"}
			}
		},
		{
			"name": "redstone bottom",
			"from": [5, 9.075, 12],
			"to": [11, 10.075, 13],
			"rotation": {"angle": 45, "axis": "x", "origin": [8, 10.33333, 8]},
			"faces": {
				"north": {"uv": [5, 10, 11, 11], "texture": "#1_0"},
				"east": {"uv": [10, 10, 11, 11], "texture": "#1_0"},
				"south": {"uv": [5, 10, 11, 11], "texture": "#1_0"},
				"west": {"uv": [5, 10, 6, 11], "texture": "#1_0"},
				"up": {"uv": [5, 10, 11, 11], "texture": "#1_0"},
				"down": {"uv": [5, 10, 11, 11], "texture": "#1_0"}
			}
		},
		{
			"name": "redstone west",
			"from": [5, 9.075, 8],
			"to": [6, 10.075, 12],
			"rotation": {"angle": 45, "axis": "x", "origin": [8, 10.33333, 8]},
			"faces": {
				"north": {"uv": [5, 6, 6, 7], "texture": "#1_0"},
				"east": {"uv": [5, 6, 6, 10], "rotation": 90, "texture": "#1_0"},
				"south": {"uv": [5, 9, 6, 10], "texture": "#1_0"},
				"west": {"uv": [5, 6, 6, 10], "rotation": 270, "texture": "#1_0"},
				"up": {"uv": [5, 6, 6, 10], "texture": "#1_0"},
				"down": {"uv": [5, 6, 6, 10], "rotation": 180, "texture": "#1_0"}
			}
		},
		{
			"name": "redstone east",
			"from": [10, 9.075, 8],
			"to": [11, 10.075, 12],
			"rotation": {"angle": 45, "axis": "x", "origin": [8, 10.33333, 8]},
			"faces": {
				"north": {"uv": [10, 6, 11, 8], "texture": "#1_0"},
				"east": {"uv": [10, 6, 11, 10], "rotation": 90, "texture": "#1_0"},
				"south": {"uv": [10, 8, 11, 10], "texture": "#1_0"},
				"west": {"uv": [10, 6, 11, 10], "rotation": 270, "texture": "#1_0"},
				"up": {"uv": [10, 6, 11, 10], "texture": "#1_0"},
				"down": {"uv": [10, 6, 11, 10], "rotation": 180, "texture": "#1_0"}
			}
		},
		{
			"name": "redstone middle",
			"from": [6, 8.075, 8],
			"to": [10, 9.075, 12],
			"rotation": {"angle": 45, "axis": "x", "origin": [8, 10.33333, 8]},
			"faces": {
				"north": {"uv": [6, 10, 10, 11], "rotation": 180, "texture": "#1_0"},
				"east": {"uv": [8, 10, 10, 11], "texture": "#1_0"},
				"south": {"uv": [6, 10, 10, 11], "texture": "#1_0"},
				"west": {"uv": [6, 10, 8, 11], "texture": "#1_0"},
				"up": {"uv": [6, 10, 10, 11], "texture": "#1_0"},
				"down": {"uv": [6, 10, 10, 11], "texture": "#1_0"}
			}
		},
		{
			"name": "button",
			"from": [6, 9.075, 8],
			"to": [10, 10.075, 12],
			"rotation": {"angle": 45, "axis": "x", "origin": [8, 10.33333, 8]},
			"faces": {
				"north": {"uv": [10, 6, 6, 7], "texture": "#1_0"},
				"east": {"uv": [9, 6, 10, 10], "rotation": 90, "texture": "#1_0"},
				"south": {"uv": [6, 9, 10, 10], "texture": "#1_0"},
				"west": {"uv": [6, 6, 7, 10], "rotation": 270, "texture": "#1_0"},
				"up": {"uv": [6, 6, 10, 10], "texture": "#1_0"},
				"down": {"uv": [6, 10, 10, 6], "texture": "#1_0"}
			}
		}
	],
	"groups": [
		{
			"name": "rails",
			"origin": [0, 0, 0],
			"children": [0, 1]
		},
		{
			"name": "wood",
			"origin": [0, 0, 0],
			"children": [
				{
					"name": "pins",
					"origin": [0, 0, 0],
					"children": [2, 3, 4, 5, 6, 7, 8, 9]
				},
				{
					"name": "blocks",
					"origin": [8, 8, 8],
					"children": [10, 11]
				}
			]
		},
		{
			"name": "button",
			"origin": [0, 0, 0],
			"children": [
				{
					"name": "redstone",
					"origin": [0, 0, 0],
					"children": []
				}
			]
		},
		{
			"name": "detector_rail_on",
			"origin": [8, 8, 8],
			"children": [
				{
					"name": "button",
					"origin": [0, 0, 0],
					"children": [
						{
							"name": "redstone",
							"origin": [0, 0, 0],
							"children": [12, 13, 14, 15, 16]
						}, 17]
				}
			]
		}
	]
}