{
	"credit": "Made with Blockbench",
	"credit": "Model Made by Etomic and OtterLover",
	"ambientocclusion": false,
	"textures": {
		"0": "block/rail",
		"particle": "block/rail"
	},
	"elements": [
		{
			"from": [12, 7.43903, 15.02893],
			"to": [15, 8.43903, 17.02893],
			"rotation": {"angle": -45, "axis": "x", "origin": [8, 8.07831, 7.97222]},
			"faces": {
				"north": {"uv": [1, 2, 2, 3], "texture": "#0"},
				"east": {"uv": [1, 1, 2, 3], "rotation": 270, "texture": "#0"},
				"south": {"uv": [1, 1, 2, 2], "texture": "#0"},
				"west": {"uv": [0, 0, 2, 1], "texture": "#0"},
				"up": {"uv": [1, 1, 2, 3], "rotation": 180, "texture": "#0"},
				"down": {"uv": [1, 1, 2, 3], "texture": "#0"}
			}
		},
		{
			"from": [1, 7.43903, 15.02893],
			"to": [4, 8.43903, 17.02893],
			"rotation": {"angle": -45, "axis": "x", "origin": [8, 8.07831, 7.97222]},
			"faces": {
				"north": {"uv": [14, 2, 15, 3], "texture": "#0"},
				"east": {"uv": [0, 1, 1, 3], "rotation": 270, "texture": "#0"},
				"south": {"uv": [14, 1, 15, 2], "texture": "#0"},
				"west": {"uv": [14, 1, 15, 3], "rotation": 90, "texture": "#0"},
				"up": {"uv": [14, 1, 15, 3], "rotation": 180, "texture": "#0"},
				"down": {"uv": [14, 1, 15, 3], "texture": "#0"}
			}
		},
		{
			"from": [12, 7.43192, 9.66497],
			"to": [15, 8.43192, 11.66497],
			"rotation": {"angle": -45, "axis": "x", "origin": [8, 8.07831, 7.97222]},
			"faces": {
				"north": {"uv": [1, 6, 2, 7], "texture": "#0"},
				"east": {"uv": [1, 5, 2, 7], "rotation": 270, "texture": "#0"},
				"south": {"uv": [1, 5, 2, 6], "texture": "#0"},
				"west": {"uv": [0, 0, 2, 1], "texture": "#0"},
				"up": {"uv": [1, 5, 2, 7], "rotation": 180, "texture": "#0"},
				"down": {"uv": [1, 5, 2, 7], "texture": "#0"}
			}
		},
		{
			"from": [1, 7.45692, 9.66497],
			"to": [4, 8.45692, 11.66497],
			"rotation": {"angle": -45, "axis": "x", "origin": [8, 8.07831, 7.97222]},
			"faces": {
				"north": {"uv": [14, 6, 15, 7], "texture": "#0"},
				"east": {"uv": [0, 5, 1, 7], "rotation": 270, "texture": "#0"},
				"south": {"uv": [14, 5, 15, 6], "texture": "#0"},
				"west": {"uv": [14, 5, 15, 7], "rotation": 90, "texture": "#0"},
				"up": {"uv": [14, 5, 15, 7], "rotation": 180, "texture": "#0"},
				"down": {"uv": [14, 5, 15, 7], "texture": "#0"}
			}
		},
		{
			"from": [12, 7.43903, 3.71522],
			"to": [15, 8.43903, 5.71522],
			"rotation": {"angle": -45, "axis": "x", "origin": [8, 8.07831, 7.97222]},
			"faces": {
				"north": {"uv": [1, 10, 2, 11], "texture": "#0"},
				"east": {"uv": [1, 9, 2, 11], "rotation": 270, "texture": "#0"},
				"south": {"uv": [1, 9, 2, 10], "texture": "#0"},
				"west": {"uv": [0, 0, 2, 1], "texture": "#0"},
				"up": {"uv": [1, 9, 2, 11], "rotation": 180, "texture": "#0"},
				"down": {"uv": [1, 9, 2, 11], "texture": "#0"}
			}
		},
		{
			"from": [1, 7.43903, 3.71522],
			"to": [4, 8.43903, 5.71522],
			"rotation": {"angle": -45, "axis": "x", "origin": [8, 8.07831, 7.97222]},
			"faces": {
				"north": {"uv": [14, 10, 15, 11], "texture": "#0"},
				"east": {"uv": [0, 9, 1, 11], "rotation": 270, "texture": "#0"},
				"south": {"uv": [14, 9, 15, 10], "texture": "#0"},
				"west": {"uv": [14, 9, 15, 11], "rotation": 90, "texture": "#0"},
				"up": {"uv": [14, 9, 15, 11], "rotation": 180, "texture": "#0"},
				"down": {"uv": [1, 9, 2, 11], "texture": "#0"}
			}
		},
		{
			"from": [12, 7.42113, -1.23453],
			"to": [15, 8.42113, 0.76547],
			"rotation": {"angle": -45, "axis": "x", "origin": [8, 8.07831, 7.97222]},
			"faces": {
				"north": {"uv": [1, 14, 2, 15], "texture": "#0"},
				"east": {"uv": [1, 13, 2, 15], "rotation": 270, "texture": "#0"},
				"south": {"uv": [1, 13, 2, 14], "texture": "#0"},
				"west": {"uv": [0, 0, 2, 1], "texture": "#0"},
				"up": {"uv": [1, 13, 2, 15], "rotation": 180, "texture": "#0"},
				"down": {"uv": [1, 13, 2, 15], "texture": "#0"}
			}
		},
		{
			"from": [1, 7.42113, -1.23453],
			"to": [4, 8.42113, 0.76547],
			"rotation": {"angle": -45, "axis": "x", "origin": [8, 8.07831, 7.97222]},
			"faces": {
				"north": {"uv": [14, 14, 15, 15], "texture": "#0"},
				"east": {"uv": [0, 13, 1, 15], "rotation": 270, "texture": "#0"},
				"south": {"uv": [14, 13, 15, 14], "texture": "#0"},
				"west": {"uv": [14, 13, 15, 15], "rotation": 90, "texture": "#0"},
				"up": {"uv": [14, 13, 15, 15], "rotation": 180, "texture": "#0"},
				"down": {"uv": [1, 13, 2, 15], "texture": "#0"}
			}
		},
		{
			"from": [4, 7.43192, 9.66497],
			"to": [12, 8.43192, 11.66497],
			"rotation": {"angle": -45, "axis": "x", "origin": [8, 8.07831, 7.97222]},
			"faces": {
				"north": {"uv": [4, 6, 12, 7], "texture": "#0"},
				"east": {"uv": [0, 0, 2, 1], "texture": "#0"},
				"south": {"uv": [4, 5, 12, 6], "rotation": 180, "texture": "#0"},
				"west": {"uv": [0, 0, 2, 1], "texture": "#0"},
				"up": {"uv": [4, 5, 12, 7], "rotation": 180, "texture": "#0"},
				"down": {"uv": [4, 5, 12, 7], "texture": "#0"}
			}
		},
		{
			"from": [4, 7.43903, 3.71522],
			"to": [12, 8.43903, 5.71522],
			"rotation": {"angle": -45, "axis": "x", "origin": [8, 8.07831, 7.97222]},
			"faces": {
				"north": {"uv": [4, 10, 12, 11], "texture": "#0"},
				"east": {"uv": [0, 0, 2, 1], "texture": "#0"},
				"south": {"uv": [4, 9, 12, 10], "rotation": 180, "texture": "#0"},
				"west": {"uv": [0, 0, 2, 1], "texture": "#0"},
				"up": {"uv": [4, 9, 12, 11], "rotation": 180, "texture": "#0"},
				"down": {"uv": [4, 9, 12, 11], "texture": "#0"}
			}
		},
		{
			"from": [4, 7.42113, -1.23453],
			"to": [12, 8.42113, 0.76547],
			"rotation": {"angle": -45, "axis": "x", "origin": [8, 8.07831, 7.97222]},
			"faces": {
				"north": {"uv": [4, 14, 12, 15], "texture": "#0"},
				"east": {"uv": [0, 0, 2, 1], "texture": "#0"},
				"south": {"uv": [4, 13, 12, 14], "rotation": 180, "texture": "#0"},
				"west": {"uv": [0, 0, 2, 1], "texture": "#0"},
				"up": {"uv": [4, 13, 12, 15], "rotation": 180, "texture": "#0"},
				"down": {"uv": [4, 13, 12, 15], "texture": "#0"}
			}
		},
		{
			"from": [4, 7.43903, 15.02893],
			"to": [12, 8.43903, 17.02893],
			"rotation": {"angle": -45, "axis": "x", "origin": [8, 8.07831, 7.97222]},
			"faces": {
				"north": {"uv": [4, 2, 12, 3], "texture": "#0"},
				"east": {"uv": [0, 0, 2, 1], "texture": "#0"},
				"south": {"uv": [4, 1, 12, 2], "rotation": 180, "texture": "#0"},
				"west": {"uv": [0, 0, 2, 1], "texture": "#0"},
				"up": {"uv": [4, 1, 12, 3], "rotation": 180, "texture": "#0"},
				"down": {"uv": [4, 1, 12, 3], "texture": "#0"}
			}
		},
		{
			"from": [12, 8.43903, -2.45635],
			"to": [14, 9.43903, 20.54365],
			"rotation": {"angle": -45, "axis": "x", "origin": [8, 8.07831, 7.97222]},
			"faces": {
				"north": {"uv": [2, 15, 4, 16], "texture": "#0"},
				"east": {"uv": [2, 0, 3, 16], "rotation": 270, "texture": "#0"},
				"south": {"uv": [2, 0, 4, 1], "rotation": 180, "texture": "#0"},
				"west": {"uv": [3, 0, 4, 16], "rotation": 90, "texture": "#0"},
				"up": {"uv": [4, 16, 2, 0], "texture": "#0"},
				"down": {"uv": [4, 0, 2, 16], "texture": "#0"}
			}
		},
		{
			"from": [2, 8.43903, -2.45635],
			"to": [4, 9.43903, 20.54365],
			"rotation": {"angle": -45, "axis": "x", "origin": [8, 8.07831, 7.97222]},
			"faces": {
				"north": {"uv": [2, 0, 4, 1], "rotation": 180, "texture": "#0"},
				"east": {"uv": [3, 0, 4, 16], "rotation": 90, "texture": "#0"},
				"south": {"uv": [2, 15, 4, 16], "texture": "#0"},
				"west": {"uv": [2, 0, 3, 16], "rotation": 270, "texture": "#0"},
				"up": {"uv": [4, 16, 2, 0], "rotation": 180, "texture": "#0"},
				"down": {"uv": [4, 0, 2, 16], "rotation": 180, "texture": "#0"}
			}
		}
	],
	"groups": [
		{
			"name": "Wood",
			"origin": [8, 8, 8],
			"children": [0, 1, 2, 3, 4, 5, 6, 7, 8, 9, 10, 11]
		},
		{
			"name": "Metal",
			"origin": [8, 8, 8],
			"children": [12, 13]
		}
	]
}