{
	"credit": "Made with Blockbench",
	"ambientocclusion": false,
	"textures": {
		"0": "block/ladder",
		"particle": "block/ladder"
	},
	"elements": [
		{
			"name": "ladder_0",
			"from": [12, 0, 15],
			"to": [14, 16, 16],
			"rotation": {"angle": 0, "axis": "y", "origin": [8, 8, 0.5]},
			"faces": {
				"north": {"uv": [2, 0, 4, 16], "texture": "#0"},
				"east": {"uv": [2, 0, 3, 16], "texture": "#0"},
				"south": {"uv": [2, 16, 4, 0], "rotation": 180, "texture": "#0"},
				"west": {"uv": [3, 0, 4, 16], "texture": "#0"},
				"up": {"uv": [4, 0, 2, 1], "texture": "#0"},
				"down": {"uv": [2, 15, 4, 16], "rotation": 180, "texture": "#0"}
			}
		},
		{
			"name": "ladder_1",
			"from": [2, 0, 15],
			"to": [4, 16, 16],
			"rotation": {"angle": 0, "axis": "y", "origin": [8, 8, 0.5]},
			"faces": {
				"north": {"uv": [12, 0, 14, 16], "texture": "#0"},
				"east": {"uv": [12, 0, 13, 16], "texture": "#0"},
				"south": {"uv": [12, 16, 14, 0], "rotation": 180, "texture": "#0"},
				"west": {"uv": [13, 0, 14, 16], "texture": "#0"},
				"up": {"uv": [14, 0, 12, 1], "texture": "#0"},
				"down": {"uv": [12, 15, 14, 16], "rotation": 180, "texture": "#0"}
			}
		},
		{
			"name": "ladder_2",
			"from": [14, 13, 14],
			"to": [15, 15, 15],
			"rotation": {"angle": 0, "axis": "y", "origin": [8, 8, 0.5]},
			"faces": {
				"north": {"uv": [1, 1, 2, 3], "texture": "#0"},
				"east": {"uv": [1, 1, 2, 3], "texture": "#0"},
				"south": {"uv": [1, 3, 2, 1], "rotation": 180, "texture": "#0"},
				"west": {"uv": [1, 1, 2, 3], "texture": "#0", "cullface": "west"},
				"up": {"uv": [2, 1, 1, 2], "texture": "#0"},
				"down": {"uv": [1, 2, 2, 3], "rotation": 180, "texture": "#0"}
			}
		},
		{
			"name": "ladder_3",
			"from": [4, 13, 14],
			"to": [12, 15, 15],
			"rotation": {"angle": 0, "axis": "y", "origin": [8, 8, 0.5]},
			"faces": {
				"north": {"uv": [4, 1, 12, 3], "texture": "#0"},
				"east": {"uv": [4, 1, 5, 3], "texture": "#0", "cullface": "east"},
				"south": {"uv": [4, 3, 12, 1], "rotation": 180, "texture": "#0"},
				"west": {"uv": [11, 1, 12, 3], "texture": "#0", "cullface": "west"},
				"up": {"uv": [12, 1, 4, 2], "texture": "#0"},
				"down": {"uv": [4, 2, 12, 3], "rotation": 180, "texture": "#0"}
			}
		},
		{
			"name": "ladder_4",
			"from": [1, 13, 14],
			"to": [2, 15, 15],
			"rotation": {"angle": 0, "axis": "y", "origin": [8, 8, 0.5]},
			"faces": {
				"north": {"uv": [14, 1, 15, 3], "texture": "#0"},
				"east": {"uv": [14, 1, 15, 3], "texture": "#0", "cullface": "east"},
				"south": {"uv": [14, 3, 15, 1], "rotation": 180, "texture": "#0"},
				"west": {"uv": [14, 1, 15, 3], "texture": "#0"},
				"up": {"uv": [15, 1, 14, 2], "texture": "#0"},
				"down": {"uv": [14, 2, 15, 3], "rotation": 180, "texture": "#0"}
			}
		},
		{
			"name": "ladder_5",
			"from": [14, 9, 14],
			"to": [15, 11, 15],
			"rotation": {"angle": 0, "axis": "y", "origin": [8, 8, 0.5]},
			"faces": {
				"north": {"uv": [1, 5, 2, 7], "texture": "#0"},
				"east": {"uv": [1, 5, 2, 7], "texture": "#0"},
				"south": {"uv": [1, 7, 2, 5], "rotation": 180, "texture": "#0"},
				"west": {"uv": [1, 5, 2, 7], "texture": "#0", "cullface": "west"},
				"up": {"uv": [2, 5, 1, 6], "texture": "#0"},
				"down": {"uv": [1, 6, 2, 7], "rotation": 180, "texture": "#0"}
			}
		},
		{
			"name": "ladder_6",
			"from": [4, 9, 14],
			"to": [12, 11, 15],
			"rotation": {"angle": 0, "axis": "y", "origin": [8, 8, 0.5]},
			"faces": {
				"north": {"uv": [4, 5, 12, 7], "texture": "#0"},
				"east": {"uv": [4, 5, 5, 7], "texture": "#0", "cullface": "east"},
				"south": {"uv": [4, 7, 12, 5], "rotation": 180, "texture": "#0"},
				"west": {"uv": [11, 5, 12, 7], "texture": "#0", "cullface": "west"},
				"up": {"uv": [12, 5, 4, 6], "texture": "#0"},
				"down": {"uv": [4, 6, 12, 7], "rotation": 180, "texture": "#0"}
			}
		},
		{
			"name": "ladder_7",
			"from": [1, 9, 14],
			"to": [2, 11, 15],
			"rotation": {"angle": 0, "axis": "y", "origin": [8, 8, 0.5]},
			"faces": {
				"north": {"uv": [14, 5, 15, 7], "texture": "#0"},
				"east": {"uv": [14, 5, 15, 7], "texture": "#0", "cullface": "east"},
				"south": {"uv": [14, 7, 15, 5], "rotation": 180, "texture": "#0"},
				"west": {"uv": [14, 5, 15, 7], "texture": "#0"},
				"up": {"uv": [15, 5, 14, 6], "texture": "#0"},
				"down": {"uv": [14, 6, 15, 7], "rotation": 180, "texture": "#0"}
			}
		},
		{
			"name": "ladder_8",
			"from": [14, 5, 14],
			"to": [15, 7, 15],
			"rotation": {"angle": 0, "axis": "y", "origin": [8, 8, 0.5]},
			"faces": {
				"north": {"uv": [1, 9, 2, 11], "texture": "#0"},
				"east": {"uv": [1, 9, 2, 11], "texture": "#0"},
				"south": {"uv": [1, 11, 2, 9], "rotation": 180, "texture": "#0"},
				"west": {"uv": [1, 9, 2, 11], "texture": "#0", "cullface": "west"},
				"up": {"uv": [2, 9, 1, 10], "texture": "#0"},
				"down": {"uv": [1, 10, 2, 11], "rotation": 180, "texture": "#0"}
			}
		},
		{
			"name": "ladder_9",
			"from": [4, 5, 14],
			"to": [12, 7, 15],
			"rotation": {"angle": 0, "axis": "y", "origin": [8, 8, 0.5]},
			"faces": {
				"north": {"uv": [4, 9, 12, 11], "texture": "#0"},
				"east": {"uv": [4, 9, 5, 11], "texture": "#0", "cullface": "east"},
				"south": {"uv": [4, 11, 12, 9], "rotation": 180, "texture": "#0"},
				"west": {"uv": [11, 9, 12, 11], "texture": "#0", "cullface": "west"},
				"up": {"uv": [12, 9, 4, 10], "texture": "#0"},
				"down": {"uv": [4, 10, 12, 11], "rotation": 180, "texture": "#0"}
			}
		},
		{
			"name": "ladder_10",
			"from": [1, 5, 14],
			"to": [2, 7, 15],
			"rotation": {"angle": 0, "axis": "y", "origin": [8, 8, 0.5]},
			"faces": {
				"north": {"uv": [14, 9, 15, 11], "texture": "#0"},
				"east": {"uv": [14, 9, 15, 11], "texture": "#0", "cullface": "east"},
				"south": {"uv": [14, 11, 15, 9], "rotation": 180, "texture": "#0"},
				"west": {"uv": [14, 9, 15, 11], "texture": "#0"},
				"up": {"uv": [15, 9, 14, 10], "texture": "#0"},
				"down": {"uv": [14, 10, 15, 11], "rotation": 180, "texture": "#0"}
			}
		},
		{
			"name": "ladder_11",
			"from": [14, 1, 14],
			"to": [15, 3, 15],
			"rotation": {"angle": 0, "axis": "y", "origin": [8, 8, 0.5]},
			"faces": {
				"north": {"uv": [1, 13, 2, 15], "texture": "#0"},
				"east": {"uv": [1, 13, 2, 15], "texture": "#0"},
				"south": {"uv": [1, 15, 2, 13], "rotation": 180, "texture": "#0"},
				"west": {"uv": [1, 13, 2, 15], "texture": "#0", "cullface": "west"},
				"up": {"uv": [2, 13, 1, 14], "texture": "#0"},
				"down": {"uv": [1, 14, 2, 15], "rotation": 180, "texture": "#0"}
			}
		},
		{
			"name": "ladder_12",
			"from": [4, 1, 14],
			"to": [12, 3, 15],
			"rotation": {"angle": 0, "axis": "y", "origin": [8, 8, 0.5]},
			"faces": {
				"north": {"uv": [4, 13, 12, 15], "texture": "#0"},
				"east": {"uv": [4, 13, 5, 15], "texture": "#0", "cullface": "east"},
				"south": {"uv": [4, 15, 12, 13], "rotation": 180, "texture": "#0"},
				"west": {"uv": [11, 13, 12, 15], "texture": "#0", "cullface": "west"},
				"up": {"uv": [12, 13, 4, 14], "texture": "#0"},
				"down": {"uv": [4, 14, 12, 15], "rotation": 180, "texture": "#0"}
			}
		},
		{
			"name": "ladder_13",
			"from": [1, 1, 14],
			"to": [2, 3, 15],
			"rotation": {"angle": 0, "axis": "y", "origin": [8, 8, 0.5]},
			"faces": {
				"north": {"uv": [14, 13, 15, 15], "texture": "#0"},
				"east": {"uv": [14, 13, 15, 15], "texture": "#0", "cullface": "east"},
				"south": {"uv": [14, 15, 15, 13], "rotation": 180, "texture": "#0"},
				"west": {"uv": [14, 13, 15, 15], "texture": "#0"},
				"up": {"uv": [15, 13, 14, 14], "texture": "#0"},
				"down": {"uv": [14, 14, 15, 15], "rotation": 180, "texture": "#0"}
			}
		},
		{
			"from": [2, 1, 14],
			"to": [4, 3, 15],
			"faces": {
				"north": {"uv": [12, 13, 14, 15], "texture": "#0"},
				"east": {"uv": [13, 13, 14, 15], "texture": "#0"},
				"south": {"uv": [14, 13, 12, 15], "texture": "#0"},
				"west": {"uv": [12, 13, 13, 15], "texture": "#0"},
				"up": {"uv": [12, 13, 14, 14], "rotation": 180, "texture": "#0"},
				"down": {"uv": [12, 14, 14, 15], "rotation": 180, "texture": "#0"}
			}
		},
		{
			"from": [12, 1, 14],
			"to": [14, 3, 15],
			"faces": {
				"north": {"uv": [2, 13, 4, 15], "texture": "#0"},
				"east": {"uv": [2, 13, 3, 15], "texture": "#0"},
				"south": {"uv": [4, 13, 2, 15], "texture": "#0"},
				"west": {"uv": [3, 13, 4, 15], "texture": "#0"},
				"up": {"uv": [2, 13, 4, 14], "rotation": 180, "texture": "#0"},
				"down": {"uv": [2, 14, 4, 15], "rotation": 180, "texture": "#0"}
			}
		},
		{
			"from": [12, 5, 14],
			"to": [14, 7, 15],
			"faces": {
				"north": {"uv": [2, 9, 4, 11], "texture": "#0"},
				"east": {"uv": [2, 9, 3, 11], "texture": "#0"},
				"south": {"uv": [4, 9, 2, 11], "texture": "#0"},
				"west": {"uv": [3, 9, 4, 11], "texture": "#0"},
				"up": {"uv": [2, 9, 4, 10], "rotation": 180, "texture": "#0"},
				"down": {"uv": [2, 9, 4, 10], "rotation": 180, "texture": "#0"}
			}
		},
		{
			"from": [12, 9, 14],
			"to": [14, 11, 15],
			"faces": {
				"north": {"uv": [2, 5, 4, 7], "texture": "#0"},
				"east": {"uv": [2, 5, 3, 7], "texture": "#0"},
				"south": {"uv": [4, 5, 2, 7], "texture": "#0"},
				"west": {"uv": [3, 5, 4, 7], "texture": "#0"},
				"up": {"uv": [2, 5, 4, 6], "rotation": 180, "texture": "#0"},
				"down": {"uv": [2, 5, 4, 6], "rotation": 180, "texture": "#0"}
			}
		},
		{
			"from": [12, 13, 14],
			"to": [14, 15, 15],
			"faces": {
				"north": {"uv": [2, 1, 4, 3], "texture": "#0"},
				"east": {"uv": [2, 1, 3, 3], "texture": "#0"},
				"south": {"uv": [4, 1, 2, 3], "texture": "#0"},
				"west": {"uv": [3, 1, 4, 3], "texture": "#0"},
				"up": {"uv": [2, 1, 4, 2], "rotation": 180, "texture": "#0"},
				"down": {"uv": [2, 2, 4, 3], "rotation": 180, "texture": "#0"}
			}
		},
		{
			"from": [2, 5, 14],
			"to": [4, 7, 15],
			"faces": {
				"north": {"uv": [12, 9, 14, 11], "texture": "#0"},
				"east": {"uv": [12, 9, 13, 11], "texture": "#0"},
				"south": {"uv": [14, 9, 12, 11], "texture": "#0"},
				"west": {"uv": [13, 9, 14, 11], "texture": "#0"},
				"up": {"uv": [12, 9, 14, 10], "rotation": 180, "texture": "#0"},
				"down": {"uv": [12, 9, 14, 10], "rotation": 180, "texture": "#0"}
			}
		},
		{
			"from": [2, 9, 14],
			"to": [4, 11, 15],
			"faces": {
				"north": {"uv": [12, 5, 14, 7], "texture": "#0"},
				"east": {"uv": [12, 5, 13, 7], "texture": "#0"},
				"south": {"uv": [14, 5, 12, 7], "texture": "#0"},
				"west": {"uv": [13, 5, 14, 7], "texture": "#0"},
				"up": {"uv": [12, 5, 14, 6], "rotation": 180, "texture": "#0"},
				"down": {"uv": [12, 5, 14, 6], "rotation": 180, "texture": "#0"}
			}
		},
		{
			"from": [2, 13, 14],
			"to": [4, 15, 15],
			"faces": {
				"north": {"uv": [12, 1, 14, 3], "texture": "#0"},
				"east": {"uv": [12, 1, 13, 3], "texture": "#0"},
				"south": {"uv": [14, 1, 12, 3], "texture": "#0"},
				"west": {"uv": [13, 1, 14, 3], "texture": "#0"},
				"up": {"uv": [12, 1, 14, 2], "rotation": 180, "texture": "#0"},
				"down": {"uv": [12, 1, 14, 2], "rotation": 180, "texture": "#0"}
			}
		}
	],
	"display": {
		"firstperson_righthand": {
			"rotation": [90, 0, 0],
			"translation": [-9, 8.25, 4]
		},
		"firstperson_lefthand": {
			"rotation": [90, 0, 0]
		}
	},
	"groups": [
		{
			"name": "steps",
			"origin": [0, 0, 0],
			"children": [
				{
					"name": "middle",
					"origin": [8, 8, 8],
					"children": []
				},
				{
					"name": "sides",
					"origin": [8, 8, 8],
					"children": []
				}
			]
		},
		{
			"name": "ladder",
			"origin": [8, 8, 8],
			"children": [0, 1, 2, 3, 4, 5, 6, 7, 8, 9, 10, 11, 12, 13]
		}, 14, 15, 16, 17, 18, 19, 20, 21]
}