{"stats":{"minecraft:dropped":{"minecraft:iron_sword":2,"minecraft:wheat_seeds":1,"minecraft:chainmail_boots":1,"minecraft:iron_axe":2,"minecraft:iron_pickaxe":2,"minecraft:iron_shovel":2,"minecraft:chainmail_leggings":1,"minecraft:chainmail_helmet":1,"minecraft:chainmail_chestplate":2},"minecraft:mined":{"minecraft:smooth_stone":12,"minecraft:powered_rail":4,"minecraft:mud":22,"minecraft:short_grass":2,"minecraft:grass_block":1,"minecraft:oak_log":5,"minecraft:polished_andesite_stairs":1,"minecraft:dirt":80,"minecraft:sugar_cane":2,"minecraft:piston":1},"minecraft:picked_up":{"minecraft:mud":394,"minecraft:polished_andesite_stairs":1,"minecraft:chainmail_boots":1,"minecraft:dandelion":1,"minecraft:oak_log":4,"minecraft:chainmail_chestplate":2,"minecraft:grass_block":1,"minecraft:dirt":80,"minecraft:iron_axe":2,"minecraft:iron_shovel":2,"minecraft:wheat_seeds":6,"minecraft:smooth_stone":2343,"minecraft:chainmail_leggings":1,"minecraft:hopper_minecart":1,"minecraft:chainmail_helmet":1,"minecraft:iron_pickaxe":2,"minecraft:powered_rail":1,"minecraft:sugar_cane":2943,"minecraft:piston":1,"minecraft:iron_sword":2},"minecraft:used":{"minecraft:mud":394,"minecraft:oak_log":1035,"minecraft:lever":52,"minecraft:iron_shovel":101,"minecraft:iron_axe":5,"minecraft:grass_block":837,"minecraft:powered_rail":148,"minecraft:redstone":372,"minecraft:iron_pickaxe":20,"minecraft:polished_andesite_stairs":381,"minecraft:chest":6,"minecraft:ender_chest":1,"minecraft:hopper_minecart":13,"minecraft:sugar_cane":380,"minecraft:rail":232,"minecraft:dirt":80,"minecraft:anvil":1,"minecraft:hopper":92,"minecraft:smithing_table":1,"minecraft:bucket":80,"minecraft:cooked_beef":6,"minecraft:observer":385,"minecraft:cherry_log":11,"minecraft:smooth_stone":2402,"minecraft:piston":373,"minecraft:glass":1755,"minecraft:water_bucket":319},"minecraft:custom":{"minecraft:time_since_rest":231121,"minecraft:interact_with_smithing_table":3,"minecraft:damage_taken":410,"minecraft:open_enderchest":8,"minecraft:sprint_one_cm":164868,"minecraft:walk_one_cm":261841,"minecraft:interact_with_anvil":5,"minecraft:drop":14,"minecraft:inspect_hopper":2,"minecraft:swim_one_cm":636,"minecraft:fly_one_cm":144722,"minecraft:open_chest":15,"minecraft:crouch_one_cm":425705,"minecraft:play_time":231121,"minecraft:sneak_time":65584,"minecraft:walk_under_water_one_cm":710,"minecraft:jump":939,"minecraft:leave_game":8,"minecraft:time_since_death":231121,"minecraft:walk_on_water_one_cm":5618,"minecraft:total_world_time":263210,"minecraft:fall_one_cm":27312},"minecraft:crafted":{"minecraft:air":0}},"DataVersion":3953}