{
	"credit": "Made with Blockbench",
	"credit": "Model Made by Etomic and OtterLover",
	"ambientocclusion": false,
	"textures": {
		"0": "block/activator_rail_on",
		"particle": "block/activator_rail_on"
	},
	"elements": [
		{
			"from": [1, 13.45, 1],
			"to": [4, 14.45, 3],
			"rotation": {"angle": 45, "axis": "x", "origin": [8, 13.5, 2]},
			"faces": {
				"north": {"uv": [1, 1, 2, 2], "texture": "#0"},
				"east": {"uv": [0, 0, 2, 1], "texture": "#0"},
				"south": {"uv": [1, 2, 2, 3], "texture": "#0"},
				"west": {"uv": [1, 1, 2, 3], "rotation": 270, "texture": "#0"},
				"up": {"uv": [1, 1, 2, 3], "texture": "#0"},
				"down": {"uv": [1, 1, 2, 3], "rotation": 180, "texture": "#0"}
			}
		},
		{
			"from": [12, 13.45, 1],
			"to": [15, 14.45, 3],
			"rotation": {"angle": 45, "axis": "x", "origin": [8, 13.5, 2]},
			"faces": {
				"north": {"uv": [14, 1, 15, 2], "texture": "#0"},
				"east": {"uv": [14, 1, 15, 3], "rotation": 90, "texture": "#0"},
				"south": {"uv": [14, 2, 15, 3], "texture": "#0"},
				"west": {"uv": [0, 1, 1, 3], "rotation": 270, "texture": "#0"},
				"up": {"uv": [14, 1, 15, 3], "texture": "#0"},
				"down": {"uv": [14, 1, 15, 3], "rotation": 180, "texture": "#0"}
			}
		},
		{
			"from": [1, 9.45, 5],
			"to": [4, 10.45, 7],
			"rotation": {"angle": 45, "axis": "x", "origin": [8, 9.5, 6]},
			"faces": {
				"north": {"uv": [1, 5, 2, 6], "texture": "#0"},
				"east": {"uv": [0, 0, 2, 1], "texture": "#0"},
				"south": {"uv": [1, 6, 2, 7], "texture": "#0"},
				"west": {"uv": [1, 5, 2, 7], "rotation": 270, "texture": "#0"},
				"up": {"uv": [1, 5, 2, 7], "texture": "#0"},
				"down": {"uv": [1, 5, 2, 7], "rotation": 180, "texture": "#0"}
			}
		},
		{
			"from": [12, 9.45, 5],
			"to": [15, 10.45, 7],
			"rotation": {"angle": 45, "axis": "x", "origin": [8, 9.5, 6]},
			"faces": {
				"north": {"uv": [14, 5, 15, 6], "texture": "#0"},
				"east": {"uv": [14, 5, 15, 7], "rotation": 90, "texture": "#0"},
				"south": {"uv": [14, 6, 15, 7], "texture": "#0"},
				"west": {"uv": [0, 5, 1, 7], "rotation": 270, "texture": "#0"},
				"up": {"uv": [14, 5, 15, 7], "texture": "#0"},
				"down": {"uv": [14, 5, 15, 7], "rotation": 180, "texture": "#0"}
			}
		},
		{
			"from": [1, 5.45, 9],
			"to": [4, 6.45, 11],
			"rotation": {"angle": 45, "axis": "x", "origin": [8, 5.5, 10]},
			"faces": {
				"north": {"uv": [1, 9, 2, 10], "texture": "#0"},
				"east": {"uv": [0, 0, 2, 1], "texture": "#0"},
				"south": {"uv": [1, 10, 2, 11], "texture": "#0"},
				"west": {"uv": [1, 9, 2, 11], "rotation": 270, "texture": "#0"},
				"up": {"uv": [1, 9, 2, 11], "texture": "#0"},
				"down": {"uv": [1, 9, 2, 11], "rotation": 180, "texture": "#0"}
			}
		},
		{
			"from": [12, 5.45, 9],
			"to": [15, 6.45, 11],
			"rotation": {"angle": 45, "axis": "x", "origin": [8, 5.5, 10]},
			"faces": {
				"north": {"uv": [14, 9, 15, 10], "texture": "#0"},
				"east": {"uv": [14, 9, 15, 11], "rotation": 90, "texture": "#0"},
				"south": {"uv": [14, 10, 15, 11], "texture": "#0"},
				"west": {"uv": [0, 9, 1, 11], "rotation": 270, "texture": "#0"},
				"up": {"uv": [14, 9, 15, 11], "texture": "#0"},
				"down": {"uv": [1, 9, 2, 11], "rotation": 180, "texture": "#0"}
			}
		},
		{
			"from": [1, 1.45, 13],
			"to": [4, 2.45, 15],
			"rotation": {"angle": 45, "axis": "x", "origin": [8, 1.5, 14]},
			"faces": {
				"north": {"uv": [1, 13, 2, 14], "texture": "#0"},
				"east": {"uv": [0, 0, 2, 1], "texture": "#0"},
				"south": {"uv": [1, 14, 2, 15], "texture": "#0"},
				"west": {"uv": [1, 13, 2, 15], "rotation": 270, "texture": "#0"},
				"up": {"uv": [1, 13, 2, 15], "texture": "#0"},
				"down": {"uv": [1, 13, 2, 15], "rotation": 180, "texture": "#0"}
			}
		},
		{
			"from": [12, 1.45, 13],
			"to": [15, 2.45, 15],
			"rotation": {"angle": 45, "axis": "x", "origin": [8, 1.5, 14]},
			"faces": {
				"north": {"uv": [14, 13, 15, 14], "texture": "#0"},
				"east": {"uv": [14, 13, 15, 15], "rotation": 90, "texture": "#0"},
				"south": {"uv": [14, 14, 15, 15], "texture": "#0"},
				"west": {"uv": [0, 13, 1, 15], "rotation": 270, "texture": "#0"},
				"up": {"uv": [14, 13, 15, 15], "texture": "#0"},
				"down": {"uv": [1, 13, 2, 15], "rotation": 180, "texture": "#0"}
			}
		},
		{
			"from": [4, 9.45, 5],
			"to": [12, 10.45, 7],
			"rotation": {"angle": 45, "axis": "x", "origin": [8, 9.5, 6]},
			"faces": {
				"north": {"uv": [4, 5, 12, 6], "rotation": 180, "texture": "#0"},
				"east": {"uv": [0, 0, 2, 1], "texture": "#0"},
				"south": {"uv": [4, 6, 12, 7], "texture": "#0"},
				"west": {"uv": [0, 0, 2, 1], "texture": "#0"},
				"up": {"uv": [4, 5, 12, 7], "texture": "#0"},
				"down": {"uv": [4, 5, 12, 7], "rotation": 180, "texture": "#0"}
			}
		},
		{
			"from": [4, 5.45, 9],
			"to": [12, 6.45, 11],
			"rotation": {"angle": 45, "axis": "x", "origin": [8, 5.5, 10]},
			"faces": {
				"north": {"uv": [4, 9, 12, 10], "rotation": 180, "texture": "#0"},
				"east": {"uv": [0, 0, 2, 1], "texture": "#0"},
				"south": {"uv": [4, 10, 12, 11], "texture": "#0"},
				"west": {"uv": [0, 0, 2, 1], "texture": "#0"},
				"up": {"uv": [4, 9, 12, 11], "texture": "#0"},
				"down": {"uv": [4, 9, 12, 11], "rotation": 180, "texture": "#0"}
			}
		},
		{
			"from": [4, 1.45, 13],
			"to": [12, 2.45, 15],
			"rotation": {"angle": 45, "axis": "x", "origin": [8, 1.5, 14]},
			"faces": {
				"north": {"uv": [4, 13, 12, 14], "rotation": 180, "texture": "#0"},
				"east": {"uv": [0, 0, 2, 1], "texture": "#0"},
				"south": {"uv": [4, 14, 12, 15], "texture": "#0"},
				"west": {"uv": [0, 0, 2, 1], "texture": "#0"},
				"up": {"uv": [4, 13, 12, 15], "texture": "#0"},
				"down": {"uv": [4, 13, 12, 15], "rotation": 180, "texture": "#0"}
			}
		},
		{
			"from": [4, 13.45, 1],
			"to": [12, 14.45, 3],
			"rotation": {"angle": 45, "axis": "x", "origin": [8, 13.5, 2]},
			"faces": {
				"north": {"uv": [4, 1, 12, 2], "rotation": 180, "texture": "#0"},
				"east": {"uv": [0, 0, 2, 1], "texture": "#0"},
				"south": {"uv": [4, 2, 12, 3], "texture": "#0"},
				"west": {"uv": [0, 0, 2, 1], "texture": "#0"},
				"up": {"uv": [4, 1, 12, 3], "texture": "#0"},
				"down": {"uv": [4, 1, 12, 3], "rotation": 180, "texture": "#0"}
			}
		},
		{
			"from": [2, 8.75, -4.25],
			"to": [4, 9.75, 18.75],
			"rotation": {"angle": 45, "axis": "x", "origin": [8, 8.5, 8]},
			"faces": {
				"north": {"uv": [2, 0, 4, 1], "rotation": 180, "texture": "#0"},
				"east": {"uv": [3, 0, 4, 16], "rotation": 90, "texture": "#0"},
				"south": {"uv": [2, 15, 4, 16], "texture": "#0"},
				"west": {"uv": [2, 0, 3, 16], "rotation": 270, "texture": "#0"},
				"up": {"uv": [4, 16, 2, 0], "rotation": 180, "texture": "#0"},
				"down": {"uv": [4, 0, 2, 16], "rotation": 180, "texture": "#0"}
			}
		},
		{
			"from": [12, 8.75, -4.25],
			"to": [14, 9.75, 18.75],
			"rotation": {"angle": 45, "axis": "x", "origin": [8, 8.5, 8]},
			"faces": {
				"north": {"uv": [2, 15, 4, 16], "texture": "#0"},
				"east": {"uv": [2, 0, 3, 16], "rotation": 270, "texture": "#0"},
				"south": {"uv": [2, 0, 4, 1], "rotation": 180, "texture": "#0"},
				"west": {"uv": [3, 0, 4, 16], "rotation": 90, "texture": "#0"},
				"up": {"uv": [4, 16, 2, 0], "texture": "#0"},
				"down": {"uv": [4, 0, 2, 16], "texture": "#0"}
			}
		},
		{
			"name": "left1",
			"from": [4, 14.325, 2.7],
			"to": [6, 15.325, 4.7],
			"rotation": {"angle": 45, "axis": "x", "origin": [8, 15.5, 3]},
			"faces": {
				"north": {"uv": [4, 1, 6, 2], "texture": "#0"},
				"east": {"uv": [5, 1, 6, 3], "rotation": 90, "texture": "#0"},
				"south": {"uv": [4, 2, 6, 3], "texture": "#0"},
				"west": {"uv": [4, 1, 5, 3], "rotation": 270, "texture": "#0", "cullface": "west"},
				"up": {"uv": [4, 1, 6, 3], "texture": "#0"},
				"down": {"uv": [4, 3, 6, 1], "texture": "#0"}
			}
		},
		{
			"name": "left2",
			"from": [4, 10.025, 6],
			"to": [6, 11.025, 8],
			"rotation": {"angle": 45, "axis": "x", "origin": [8, 10.5, 7]},
			"faces": {
				"north": {"uv": [4, 5, 6, 6], "rotation": 180, "texture": "#0"},
				"east": {"uv": [5, 5, 6, 7], "rotation": 90, "texture": "#0"},
				"south": {"uv": [4, 6, 6, 7], "texture": "#0"},
				"west": {"uv": [4, 5, 5, 7], "rotation": 270, "texture": "#0", "cullface": "west"},
				"up": {"uv": [4, 5, 6, 7], "texture": "#0"},
				"down": {"uv": [4, 7, 6, 5], "texture": "#0"}
			}
		},
		{
			"name": "left3",
			"from": [4, 7.025, 10.4],
			"to": [6, 8.025, 12.4],
			"rotation": {"angle": 45, "axis": "x", "origin": [8, 7.5, 10]},
			"faces": {
				"north": {"uv": [4, 9, 6, 10], "texture": "#0"},
				"east": {"uv": [4, 9, 6, 11], "rotation": 90, "texture": "#0"},
				"south": {"uv": [4, 10, 6, 11], "texture": "#0"},
				"west": {"uv": [4, 9, 6, 11], "rotation": 270, "texture": "#0", "cullface": "west"},
				"up": {"uv": [4, 9, 6, 11], "texture": "#0"},
				"down": {"uv": [4, 9, 6, 11], "rotation": 180, "texture": "#0"}
			}
		},
		{
			"name": "left4",
			"from": [4, 2.725, 13.7],
			"to": [6, 3.725, 15.7],
			"rotation": {"angle": 45, "axis": "x", "origin": [8, 2.5, 14]},
			"faces": {
				"north": {"uv": [4, 13, 6, 14], "texture": "#0"},
				"east": {"uv": [5, 13, 6, 15], "rotation": 90, "texture": "#0"},
				"south": {"uv": [4, 14, 6, 15], "texture": "#0"},
				"west": {"uv": [4, 13, 5, 15], "rotation": 270, "texture": "#0", "cullface": "west"},
				"up": {"uv": [4, 13, 6, 15], "texture": "#0"},
				"down": {"uv": [4, 15, 6, 13], "texture": "#0"}
			}
		},
		{
			"name": "right1",
			"from": [10, 14.325, 2.7],
			"to": [12, 15.325, 4.7],
			"rotation": {"angle": 45, "axis": "x", "origin": [8, 15.5, 3]},
			"faces": {
				"north": {"uv": [10, 1, 12, 2], "texture": "#0"},
				"east": {"uv": [11, 1, 12, 3], "rotation": 90, "texture": "#0", "cullface": "east"},
				"south": {"uv": [10, 2, 12, 3], "texture": "#0"},
				"west": {"uv": [10, 1, 11, 3], "rotation": 270, "texture": "#0"},
				"up": {"uv": [10, 1, 12, 3], "texture": "#0"},
				"down": {"uv": [10, 3, 12, 1], "texture": "#0"}
			}
		},
		{
			"name": "right2",
			"from": [10, 10.025, 6],
			"to": [12, 11.025, 8],
			"rotation": {"angle": 45, "axis": "x", "origin": [8, 10.5, 7]},
			"faces": {
				"north": {"uv": [10, 5, 12, 6], "texture": "#0"},
				"east": {"uv": [10, 5, 12, 7], "rotation": 90, "texture": "#0", "cullface": "east"},
				"south": {"uv": [10, 6, 12, 7], "texture": "#0"},
				"west": {"uv": [10, 5, 12, 7], "rotation": 270, "texture": "#0"},
				"up": {"uv": [10, 5, 12, 7], "texture": "#0"},
				"down": {"uv": [10, 5, 12, 7], "rotation": 180, "texture": "#0"}
			}
		},
		{
			"name": "right3",
			"from": [10, 7.025, 10.4],
			"to": [12, 8.025, 12.4],
			"rotation": {"angle": 45, "axis": "x", "origin": [8, 7.5, 10]},
			"faces": {
				"north": {"uv": [10, 9, 12, 10], "texture": "#0"},
				"east": {"uv": [11, 9, 12, 11], "rotation": 90, "texture": "#0", "cullface": "east"},
				"south": {"uv": [10, 10, 12, 11], "texture": "#0"},
				"west": {"uv": [10, 9, 11, 11], "rotation": 270, "texture": "#0"},
				"up": {"uv": [10, 9, 12, 11], "texture": "#0"},
				"down": {"uv": [10, 11, 12, 9], "texture": "#0"}
			}
		},
		{
			"name": "right4",
			"from": [10, 2.725, 13.7],
			"to": [12, 3.725, 15.7],
			"rotation": {"angle": 45, "axis": "x", "origin": [8, 2.5, 14]},
			"faces": {
				"north": {"uv": [10, 13, 12, 14], "rotation": 180, "texture": "#0"},
				"east": {"uv": [11, 13, 12, 15], "rotation": 90, "texture": "#0", "cullface": "east"},
				"south": {"uv": [10, 14, 12, 15], "texture": "#0"},
				"west": {"uv": [10, 13, 11, 15], "rotation": 270, "texture": "#0"},
				"up": {"uv": [10, 13, 12, 15], "texture": "#0"},
				"down": {"uv": [10, 15, 12, 13], "texture": "#0"}
			}
		},
		{
			"name": "middle1",
			"from": [7, 11.75, 2.875],
			"to": [9, 12.75, 6.55],
			"rotation": {"angle": 45, "axis": "x", "origin": [8, 12.5, 4]},
			"faces": {
				"north": {"uv": [11, 3, 12, 1], "rotation": 90, "texture": "#0", "cullface": "north"},
				"east": {"uv": [12, 1, 10, 2], "texture": "#0"},
				"south": {"uv": [10, 3, 11, 1], "rotation": 270, "texture": "#0", "cullface": "south"},
				"west": {"uv": [12, 2, 10, 3], "texture": "#0"},
				"up": {"uv": [10, 3, 12, 1], "rotation": 270, "texture": "#0"},
				"down": {"uv": [10, 1, 12, 3], "rotation": 90, "texture": "#0"}
			}
		},
		{
			"name": "middle2",
			"from": [7, 7.45, 6.175],
			"to": [9, 8.45, 9.825],
			"rotation": {"angle": 45, "axis": "x", "origin": [8, 7.5, 8]},
			"faces": {
				"north": {"uv": [11, 1, 12, 3], "rotation": 90, "texture": "#0", "cullface": "north"},
				"east": {"uv": [10, 2, 12, 3], "texture": "#0"},
				"south": {"uv": [10, 1, 11, 3], "rotation": 270, "texture": "#0", "cullface": "south"},
				"west": {"uv": [10, 1, 12, 2], "texture": "#0"},
				"up": {"uv": [10, 1, 12, 3], "rotation": 270, "texture": "#0"},
				"down": {"uv": [10, 3, 12, 1], "rotation": 90, "texture": "#0"}
			}
		},
		{
			"name": "middle3",
			"from": [7, 3.75, 10.875],
			"to": [9, 4.75, 14.525],
			"rotation": {"angle": 45, "axis": "x", "origin": [8, 4.5, 12]},
			"faces": {
				"north": {"uv": [11, 3, 12, 1], "rotation": 90, "texture": "#0", "cullface": "north"},
				"east": {"uv": [12, 1, 10, 2], "texture": "#0"},
				"south": {"uv": [10, 3, 11, 1], "rotation": 270, "texture": "#0", "cullface": "south"},
				"west": {"uv": [12, 2, 10, 3], "texture": "#0"},
				"up": {"uv": [10, 3, 12, 1], "rotation": 270, "texture": "#0"},
				"down": {"uv": [10, 1, 12, 3], "rotation": 90, "texture": "#0"}
			}
		}
	],
	"groups": [
		{
			"name": "Wood",
			"origin": [8, 8, 8],
			"children": [0, 1, 2, 3, 4, 5, 6, 7, 8, 9, 10, 11,
				{
					"name": "group",
					"origin": [0, 0, 0],
					"children": []
				}
			]
		},
		{
			"name": "Metal",
			"origin": [8, 8, 8],
			"children": [12, 13]
		},
		{
			"name": "redstone",
			"origin": [8, 8, 8],
			"children": [
				{
					"name": "top",
					"origin": [0, 0, 0],
					"children": [14, 15, 16, 17, 18, 19, 20, 21]
				},
				{
					"name": "bottom",
					"origin": [8, 8, 8],
					"children": []
				}, 22, 23, 24]
		}
	]
}