{
	"credit": "Made with Blockbench",
	"credit": "Model Made by Etomic and OtterLover",
	"ambientocclusion": false,
	"textures": {
		"0": "block/activator_rail",
		"particle": "block/activator_rail"
	},
	"elements": [
		{
			"from": [12, 7.2858, 14.88169],
			"to": [15, 8.2858, 16.88169],
			"rotation": {"angle": -45, "axis": "x", "origin": [8, 8.18349, 7.51532]},
			"faces": {
				"north": {"uv": [1, 2, 2, 3], "texture": "#0"},
				"east": {"uv": [1, 1, 2, 3], "rotation": 270, "texture": "#0"},
				"south": {"uv": [1, 1, 2, 2], "texture": "#0"},
				"west": {"uv": [0, 0, 2, 1], "texture": "#0"},
				"up": {"uv": [1, 1, 2, 3], "rotation": 180, "texture": "#0"},
				"down": {"uv": [1, 1, 2, 3], "texture": "#0"}
			}
		},
		{
			"from": [1, 7.2858, 14.88169],
			"to": [4, 8.2858, 16.88169],
			"rotation": {"angle": -45, "axis": "x", "origin": [8, 8.18349, 7.51532]},
			"faces": {
				"north": {"uv": [14, 2, 15, 3], "texture": "#0"},
				"east": {"uv": [0, 1, 1, 3], "rotation": 270, "texture": "#0"},
				"south": {"uv": [14, 1, 15, 2], "texture": "#0"},
				"west": {"uv": [14, 1, 15, 3], "rotation": 90, "texture": "#0"},
				"up": {"uv": [14, 1, 15, 3], "rotation": 180, "texture": "#0"},
				"down": {"uv": [14, 1, 15, 3], "texture": "#0"}
			}
		},
		{
			"from": [12, 7.2858, 9.22484],
			"to": [15, 8.2858, 11.22484],
			"rotation": {"angle": -45, "axis": "x", "origin": [8, 8.18349, 7.51532]},
			"faces": {
				"north": {"uv": [1, 6, 2, 7], "texture": "#0"},
				"east": {"uv": [1, 5, 2, 7], "rotation": 270, "texture": "#0"},
				"south": {"uv": [1, 5, 2, 6], "texture": "#0"},
				"west": {"uv": [0, 0, 2, 1], "texture": "#0"},
				"up": {"uv": [1, 5, 2, 7], "rotation": 180, "texture": "#0"},
				"down": {"uv": [1, 5, 2, 7], "texture": "#0"}
			}
		},
		{
			"from": [1, 7.2858, 9.22484],
			"to": [4, 8.2858, 11.22484],
			"rotation": {"angle": -45, "axis": "x", "origin": [8, 8.18349, 7.51532]},
			"faces": {
				"north": {"uv": [14, 6, 15, 7], "texture": "#0"},
				"east": {"uv": [0, 5, 1, 7], "rotation": 270, "texture": "#0"},
				"south": {"uv": [14, 5, 15, 6], "texture": "#0"},
				"west": {"uv": [14, 5, 15, 7], "rotation": 90, "texture": "#0"},
				"up": {"uv": [14, 5, 15, 7], "rotation": 180, "texture": "#0"},
				"down": {"uv": [14, 5, 15, 7], "texture": "#0"}
			}
		},
		{
			"from": [12, 7.2858, 3.56798],
			"to": [15, 8.2858, 5.56798],
			"rotation": {"angle": -45, "axis": "x", "origin": [8, 8.18349, 7.51532]},
			"faces": {
				"north": {"uv": [1, 10, 2, 11], "texture": "#0"},
				"east": {"uv": [1, 9, 2, 11], "rotation": 270, "texture": "#0"},
				"south": {"uv": [1, 9, 2, 10], "texture": "#0"},
				"west": {"uv": [0, 0, 2, 1], "texture": "#0"},
				"up": {"uv": [1, 9, 2, 11], "rotation": 180, "texture": "#0"},
				"down": {"uv": [1, 9, 2, 11], "texture": "#0"}
			}
		},
		{
			"from": [1, 7.2858, 3.56798],
			"to": [4, 8.2858, 5.56798],
			"rotation": {"angle": -45, "axis": "x", "origin": [8, 8.18349, 7.51532]},
			"faces": {
				"north": {"uv": [14, 10, 15, 11], "texture": "#0"},
				"east": {"uv": [0, 9, 1, 11], "rotation": 270, "texture": "#0"},
				"south": {"uv": [14, 9, 15, 10], "texture": "#0"},
				"west": {"uv": [14, 9, 15, 11], "rotation": 90, "texture": "#0"},
				"up": {"uv": [14, 9, 15, 11], "rotation": 180, "texture": "#0"},
				"down": {"uv": [1, 9, 2, 11], "texture": "#0"}
			}
		},
		{
			"from": [12, 7.2858, -2.08887],
			"to": [15, 8.2858, -0.08887],
			"rotation": {"angle": -45, "axis": "x", "origin": [8, 8.18349, 7.51532]},
			"faces": {
				"north": {"uv": [1, 14, 2, 15], "texture": "#0"},
				"east": {"uv": [1, 13, 2, 15], "rotation": 270, "texture": "#0"},
				"south": {"uv": [1, 13, 2, 14], "texture": "#0"},
				"west": {"uv": [0, 0, 2, 1], "texture": "#0"},
				"up": {"uv": [1, 13, 2, 15], "rotation": 180, "texture": "#0"},
				"down": {"uv": [1, 13, 2, 15], "texture": "#0"}
			}
		},
		{
			"from": [1, 7.2858, -2.08887],
			"to": [4, 8.2858, -0.08887],
			"rotation": {"angle": -45, "axis": "x", "origin": [8, 8.18349, 7.51532]},
			"faces": {
				"north": {"uv": [14, 14, 15, 15], "texture": "#0"},
				"east": {"uv": [0, 13, 1, 15], "rotation": 270, "texture": "#0"},
				"south": {"uv": [14, 13, 15, 14], "texture": "#0"},
				"west": {"uv": [14, 13, 15, 15], "rotation": 90, "texture": "#0"},
				"up": {"uv": [14, 13, 15, 15], "rotation": 180, "texture": "#0"},
				"down": {"uv": [1, 13, 2, 15], "texture": "#0"}
			}
		},
		{
			"from": [4, 7.2858, 9.22484],
			"to": [12, 8.2858, 11.22484],
			"rotation": {"angle": -45, "axis": "x", "origin": [8, 8.18349, 7.51532]},
			"faces": {
				"north": {"uv": [4, 6, 12, 7], "texture": "#0"},
				"east": {"uv": [0, 0, 2, 1], "texture": "#0"},
				"south": {"uv": [4, 5, 12, 6], "rotation": 180, "texture": "#0"},
				"west": {"uv": [0, 0, 2, 1], "texture": "#0"},
				"up": {"uv": [4, 5, 12, 7], "rotation": 180, "texture": "#0"},
				"down": {"uv": [4, 5, 12, 7], "texture": "#0"}
			}
		},
		{
			"from": [4, 7.2858, 3.56798],
			"to": [12, 8.2858, 5.56798],
			"rotation": {"angle": -45, "axis": "x", "origin": [8, 8.18349, 7.51532]},
			"faces": {
				"north": {"uv": [4, 10, 12, 11], "texture": "#0"},
				"east": {"uv": [0, 0, 2, 1], "texture": "#0"},
				"south": {"uv": [4, 9, 12, 10], "rotation": 180, "texture": "#0"},
				"west": {"uv": [0, 0, 2, 1], "texture": "#0"},
				"up": {"uv": [4, 9, 12, 11], "rotation": 180, "texture": "#0"},
				"down": {"uv": [4, 9, 12, 11], "texture": "#0"}
			}
		},
		{
			"from": [4, 7.2858, -2.08887],
			"to": [12, 8.2858, -0.08887],
			"rotation": {"angle": -45, "axis": "x", "origin": [8, 8.18349, 7.51532]},
			"faces": {
				"north": {"uv": [4, 14, 12, 15], "texture": "#0"},
				"east": {"uv": [0, 0, 2, 1], "texture": "#0"},
				"south": {"uv": [4, 13, 12, 14], "rotation": 180, "texture": "#0"},
				"west": {"uv": [0, 0, 2, 1], "texture": "#0"},
				"up": {"uv": [4, 13, 12, 15], "rotation": 180, "texture": "#0"},
				"down": {"uv": [4, 13, 12, 15], "texture": "#0"}
			}
		},
		{
			"from": [4, 7.2858, 14.88169],
			"to": [12, 8.2858, 16.88169],
			"rotation": {"angle": -45, "axis": "x", "origin": [8, 8.18349, 7.51532]},
			"faces": {
				"north": {"uv": [4, 2, 12, 3], "texture": "#0"},
				"east": {"uv": [0, 0, 2, 1], "texture": "#0"},
				"south": {"uv": [4, 1, 12, 2], "rotation": 180, "texture": "#0"},
				"west": {"uv": [0, 0, 2, 1], "texture": "#0"},
				"up": {"uv": [4, 1, 12, 3], "rotation": 180, "texture": "#0"},
				"down": {"uv": [4, 1, 12, 3], "texture": "#0"}
			}
		},
		{
			"from": [12, 8.29291, -2.64648],
			"to": [14, 9.29291, 20.35352],
			"rotation": {"angle": -45, "axis": "x", "origin": [8, 8.18349, 7.51532]},
			"faces": {
				"north": {"uv": [2, 15, 4, 16], "texture": "#0"},
				"east": {"uv": [2, 0, 3, 16], "rotation": 270, "texture": "#0"},
				"south": {"uv": [2, 0, 4, 1], "rotation": 180, "texture": "#0"},
				"west": {"uv": [3, 0, 4, 16], "rotation": 90, "texture": "#0"},
				"up": {"uv": [4, 16, 2, 0], "texture": "#0"},
				"down": {"uv": [4, 0, 2, 16], "texture": "#0"}
			}
		},
		{
			"from": [2, 8.29291, -2.64648],
			"to": [4, 9.29291, 20.35352],
			"rotation": {"angle": -45, "axis": "x", "origin": [8, 8.18349, 7.51532]},
			"faces": {
				"north": {"uv": [2, 0, 4, 1], "rotation": 180, "texture": "#0"},
				"east": {"uv": [3, 0, 4, 16], "rotation": 90, "texture": "#0"},
				"south": {"uv": [2, 15, 4, 16], "texture": "#0"},
				"west": {"uv": [2, 0, 3, 16], "rotation": 270, "texture": "#0"},
				"up": {"uv": [4, 16, 2, 0], "rotation": 180, "texture": "#0"},
				"down": {"uv": [4, 0, 2, 16], "rotation": 180, "texture": "#0"}
			}
		},
		{
			"name": "left1",
			"from": [10, 8.28212, 14.8888],
			"to": [12, 9.28212, 16.8888],
			"rotation": {"angle": -45, "axis": "x", "origin": [8, 8.18349, 7.51532]},
			"faces": {
				"north": {"uv": [4, 2, 6, 3], "texture": "#0"},
				"east": {"uv": [4, 1, 5, 3], "rotation": 270, "texture": "#0"},
				"south": {"uv": [4, 1, 6, 2], "texture": "#0"},
				"west": {"uv": [5, 1, 6, 3], "rotation": 90, "texture": "#0", "cullface": "west"},
				"up": {"uv": [4, 1, 6, 3], "rotation": 180, "texture": "#0"},
				"down": {"uv": [4, 3, 6, 1], "rotation": 180, "texture": "#0"}
			}
		},
		{
			"name": "left2",
			"from": [10, 8.27502, 9.22484],
			"to": [12, 9.27502, 11.22484],
			"rotation": {"angle": -45, "axis": "x", "origin": [8, 8.18349, 7.51532]},
			"faces": {
				"north": {"uv": [4, 6, 6, 7], "texture": "#0"},
				"east": {"uv": [4, 5, 5, 7], "rotation": 270, "texture": "#0"},
				"south": {"uv": [4, 5, 6, 6], "rotation": 180, "texture": "#0"},
				"west": {"uv": [5, 5, 6, 7], "rotation": 90, "texture": "#0", "cullface": "west"},
				"up": {"uv": [4, 5, 6, 7], "rotation": 180, "texture": "#0"},
				"down": {"uv": [4, 7, 6, 5], "rotation": 180, "texture": "#0"}
			}
		},
		{
			"name": "left3",
			"from": [10, 8.27502, 3.5822],
			"to": [12, 9.27502, 5.5822],
			"rotation": {"angle": -45, "axis": "x", "origin": [8, 8.18349, 7.51532]},
			"faces": {
				"north": {"uv": [4, 10, 6, 11], "texture": "#0"},
				"east": {"uv": [4, 9, 6, 11], "rotation": 270, "texture": "#0"},
				"south": {"uv": [4, 9, 6, 10], "texture": "#0"},
				"west": {"uv": [4, 9, 6, 11], "rotation": 90, "texture": "#0", "cullface": "west"},
				"up": {"uv": [4, 9, 6, 11], "rotation": 180, "texture": "#0"},
				"down": {"uv": [4, 9, 6, 11], "texture": "#0"}
			}
		},
		{
			"name": "left4",
			"from": [10, 8.26791, -2.08176],
			"to": [12, 9.26791, -0.08176],
			"rotation": {"angle": -45, "axis": "x", "origin": [8, 8.18349, 7.51532]},
			"faces": {
				"north": {"uv": [4, 14, 6, 15], "texture": "#0"},
				"east": {"uv": [4, 13, 5, 15], "rotation": 270, "texture": "#0"},
				"south": {"uv": [4, 13, 6, 14], "texture": "#0"},
				"west": {"uv": [5, 13, 6, 15], "rotation": 90, "texture": "#0", "cullface": "west"},
				"up": {"uv": [4, 13, 6, 15], "rotation": 180, "texture": "#0"},
				"down": {"uv": [4, 15, 6, 13], "rotation": 180, "texture": "#0"}
			}
		},
		{
			"name": "right1",
			"from": [4, 8.28212, 14.8888],
			"to": [6, 9.28212, 16.8888],
			"rotation": {"angle": -45, "axis": "x", "origin": [8, 8.18349, 7.51532]},
			"faces": {
				"north": {"uv": [10, 2, 12, 3], "texture": "#0"},
				"east": {"uv": [10, 1, 11, 3], "rotation": 270, "texture": "#0", "cullface": "east"},
				"south": {"uv": [10, 1, 12, 2], "texture": "#0"},
				"west": {"uv": [11, 1, 12, 3], "rotation": 90, "texture": "#0"},
				"up": {"uv": [10, 1, 12, 3], "rotation": 180, "texture": "#0"},
				"down": {"uv": [10, 3, 12, 1], "rotation": 180, "texture": "#0"}
			}
		},
		{
			"name": "right2",
			"from": [4, 8.27502, 9.22484],
			"to": [6, 9.27502, 11.22484],
			"rotation": {"angle": -45, "axis": "x", "origin": [8, 8.18349, 7.51532]},
			"faces": {
				"north": {"uv": [10, 6, 12, 7], "texture": "#0"},
				"east": {"uv": [10, 5, 12, 7], "rotation": 270, "texture": "#0", "cullface": "east"},
				"south": {"uv": [10, 5, 12, 6], "texture": "#0"},
				"west": {"uv": [10, 5, 12, 7], "rotation": 90, "texture": "#0"},
				"up": {"uv": [10, 5, 12, 7], "rotation": 180, "texture": "#0"},
				"down": {"uv": [10, 5, 12, 7], "texture": "#0"}
			}
		},
		{
			"name": "right3",
			"from": [4, 8.27502, 3.5822],
			"to": [6, 9.27502, 5.5822],
			"rotation": {"angle": -45, "axis": "x", "origin": [8, 8.18349, 7.51532]},
			"faces": {
				"north": {"uv": [10, 10, 12, 11], "texture": "#0"},
				"east": {"uv": [10, 9, 11, 11], "rotation": 270, "texture": "#0", "cullface": "east"},
				"south": {"uv": [10, 9, 12, 10], "texture": "#0"},
				"west": {"uv": [11, 9, 12, 11], "rotation": 90, "texture": "#0"},
				"up": {"uv": [10, 9, 12, 11], "rotation": 180, "texture": "#0"},
				"down": {"uv": [10, 11, 12, 9], "rotation": 180, "texture": "#0"}
			}
		},
		{
			"name": "right4",
			"from": [4, 8.26791, -2.08176],
			"to": [6, 9.26791, -0.08176],
			"rotation": {"angle": -45, "axis": "x", "origin": [8, 8.18349, 7.51532]},
			"faces": {
				"north": {"uv": [10, 14, 12, 15], "texture": "#0"},
				"east": {"uv": [10, 13, 11, 15], "rotation": 270, "texture": "#0", "cullface": "east"},
				"south": {"uv": [10, 13, 12, 14], "rotation": 180, "texture": "#0"},
				"west": {"uv": [11, 13, 12, 15], "rotation": 90, "texture": "#0"},
				"up": {"uv": [10, 13, 12, 15], "rotation": 180, "texture": "#0"},
				"down": {"uv": [10, 15, 12, 13], "rotation": 180, "texture": "#0"}
			}
		},
		{
			"name": "middle1",
			"from": [7, 7.29291, 11.21037],
			"to": [9, 8.29291, 14.88537],
			"rotation": {"angle": -45, "axis": "x", "origin": [8, 8.18349, 7.51532]},
			"faces": {
				"north": {"uv": [10, 3, 11, 1], "rotation": 270, "texture": "#0", "cullface": "north"},
				"east": {"uv": [12, 2, 10, 3], "texture": "#0"},
				"south": {"uv": [11, 3, 12, 1], "rotation": 90, "texture": "#0", "cullface": "south"},
				"west": {"uv": [12, 1, 10, 2], "texture": "#0"},
				"up": {"uv": [10, 3, 12, 1], "rotation": 90, "texture": "#0"},
				"down": {"uv": [10, 1, 12, 3], "rotation": 270, "texture": "#0"}
			}
		},
		{
			"name": "middle2",
			"from": [7, 7.2858, 5.57141],
			"to": [9, 8.2858, 9.22141],
			"rotation": {"angle": -45, "axis": "x", "origin": [8, 8.18349, 7.51532]},
			"faces": {
				"north": {"uv": [10, 1, 11, 3], "rotation": 270, "texture": "#0", "cullface": "north"},
				"east": {"uv": [10, 1, 12, 2], "texture": "#0"},
				"south": {"uv": [11, 1, 12, 3], "rotation": 90, "texture": "#0", "cullface": "south"},
				"west": {"uv": [10, 2, 12, 3], "texture": "#0"},
				"up": {"uv": [10, 1, 12, 3], "rotation": 90, "texture": "#0"},
				"down": {"uv": [10, 3, 12, 1], "rotation": 270, "texture": "#0"}
			}
		},
		{
			"name": "middle3",
			"from": [7, 7.29291, -0.07834],
			"to": [9, 8.29291, 3.57166],
			"rotation": {"angle": -45, "axis": "x", "origin": [8, 8.18349, 7.51532]},
			"faces": {
				"north": {"uv": [10, 3, 11, 1], "rotation": 270, "texture": "#0", "cullface": "north"},
				"east": {"uv": [12, 2, 10, 3], "texture": "#0"},
				"south": {"uv": [11, 3, 12, 1], "rotation": 90, "texture": "#0", "cullface": "south"},
				"west": {"uv": [12, 1, 10, 2], "texture": "#0"},
				"up": {"uv": [10, 3, 12, 1], "rotation": 90, "texture": "#0"},
				"down": {"uv": [10, 1, 12, 3], "rotation": 270, "texture": "#0"}
			}
		}
	],
	"groups": [
		{
			"name": "Wood",
			"origin": [8, 8, 8],
			"children": [0, 1, 2, 3, 4, 5, 6, 7, 8, 9, 10, 11,
				{
					"name": "group",
					"origin": [0, 0, 0],
					"children": []
				}
			]
		},
		{
			"name": "Metal",
			"origin": [8, 8, 8],
			"children": [12, 13]
		},
		{
			"name": "redstone",
			"origin": [8, 8, 8],
			"children": [
				{
					"name": "top",
					"origin": [0, 0, 0],
					"children": [14, 15, 16, 17, 18, 19, 20, 21]
				},
				{
					"name": "bottom",
					"origin": [8, 8, 8],
					"children": []
				}, 22, 23, 24]
		}
	]
}