{
	"credit": "Made with Blockbench",
	"credit": "Model Made by Etomic and OtterLover",
	"ambientocclusion": false,
	"textures": {
		"0": "block/powered_rail_on_block",
		"particle": "block/powered_rail_on_block"
	},
	"elements": [
		{
			"from": [12, 7.6369, 15.19798],
			"to": [15, 8.6369, 17.19798],
			"rotation": {"angle": -45, "axis": "x", "origin": [8, 7.92712, 8.30151]},
			"faces": {
				"north": {"uv": [1, 2, 2, 3], "texture": "#0"},
				"east": {"uv": [1, 1, 2, 3], "rotation": 270, "texture": "#0"},
				"south": {"uv": [1, 1, 2, 2], "texture": "#0"},
				"west": {"uv": [1, 1, 2, 3], "rotation": 90, "texture": "#0"},
				"up": {"uv": [1, 1, 2, 3], "rotation": 180, "texture": "#0"},
				"down": {"uv": [1, 1, 2, 3], "rotation": 180, "texture": "#0"}
			}
		},
		{
			"from": [1, 7.6369, 15.19798],
			"to": [4, 8.6369, 17.19798],
			"rotation": {"angle": -45, "axis": "x", "origin": [8, 7.92712, 8.30151]},
			"faces": {
				"north": {"uv": [14, 2, 15, 3], "texture": "#0"},
				"east": {"uv": [14, 1, 15, 3], "rotation": 90, "texture": "#0"},
				"south": {"uv": [14, 1, 15, 2], "texture": "#0"},
				"west": {"uv": [14, 1, 15, 3], "texture": "#0"},
				"up": {"uv": [14, 1, 15, 3], "rotation": 180, "texture": "#0"},
				"down": {"uv": [14, 1, 15, 3], "rotation": 180, "texture": "#0"}
			}
		},
		{
			"from": [12, 7.6619, 9.54113],
			"to": [15, 8.6619, 11.54113],
			"rotation": {"angle": -45, "axis": "x", "origin": [8, 7.92712, 8.30151]},
			"faces": {
				"north": {"uv": [1, 6, 2, 7], "texture": "#0"},
				"east": {"uv": [1, 5, 2, 7], "rotation": 270, "texture": "#0"},
				"south": {"uv": [1, 5, 2, 6], "texture": "#0"},
				"west": {"uv": [1, 5, 2, 7], "rotation": 90, "texture": "#0"},
				"up": {"uv": [1, 5, 2, 7], "rotation": 180, "texture": "#0"},
				"down": {"uv": [1, 5, 2, 7], "texture": "#0"}
			}
		},
		{
			"from": [1, 7.6619, 9.54113],
			"to": [4, 8.6619, 11.54113],
			"rotation": {"angle": -45, "axis": "x", "origin": [8, 7.92712, 8.30151]},
			"faces": {
				"north": {"uv": [14, 6, 15, 7], "texture": "#0"},
				"east": {"uv": [14, 5, 15, 7], "rotation": 270, "texture": "#0"},
				"south": {"uv": [14, 5, 15, 6], "texture": "#0"},
				"west": {"uv": [14, 5, 15, 7], "rotation": 90, "texture": "#0"},
				"up": {"uv": [14, 5, 15, 7], "rotation": 180, "texture": "#0"},
				"down": {"uv": [14, 5, 15, 7], "texture": "#0"}
			}
		},
		{
			"from": [12, 7.65479, 3.17716],
			"to": [15, 8.65479, 5.17716],
			"rotation": {"angle": -45, "axis": "x", "origin": [8, 7.92712, 8.30151]},
			"faces": {
				"north": {"uv": [1, 10, 2, 11], "texture": "#0"},
				"east": {"uv": [1, 9, 2, 11], "rotation": 270, "texture": "#0"},
				"south": {"uv": [1, 9, 2, 10], "texture": "#0"},
				"west": {"uv": [1, 9, 2, 11], "rotation": 90, "texture": "#0"},
				"up": {"uv": [1, 9, 2, 11], "rotation": 180, "texture": "#0"},
				"down": {"uv": [1, 9, 2, 11], "texture": "#0"}
			}
		},
		{
			"from": [1, 7.65479, 3.17716],
			"to": [4, 8.65479, 5.17716],
			"rotation": {"angle": -45, "axis": "x", "origin": [8, 7.92712, 8.30151]},
			"faces": {
				"north": {"uv": [14, 10, 15, 11], "texture": "#0"},
				"east": {"uv": [14, 9, 15, 11], "rotation": 270, "texture": "#0"},
				"south": {"uv": [14, 9, 15, 10], "texture": "#0"},
				"west": {"uv": [14, 9, 15, 11], "rotation": 90, "texture": "#0"},
				"up": {"uv": [14, 9, 15, 11], "rotation": 180, "texture": "#0"},
				"down": {"uv": [1, 9, 2, 11], "texture": "#0"}
			}
		},
		{
			"from": [12, 7.6619, -1.77258],
			"to": [15, 8.6619, 0.22742],
			"rotation": {"angle": -45, "axis": "x", "origin": [8, 7.92712, 8.30151]},
			"faces": {
				"north": {"uv": [1, 10, 2, 11], "texture": "#0"},
				"east": {"uv": [1, 9, 2, 11], "rotation": 270, "texture": "#0"},
				"south": {"uv": [1, 9, 2, 10], "texture": "#0"},
				"west": {"uv": [1, 9, 2, 11], "rotation": 90, "texture": "#0"},
				"up": {"uv": [1, 9, 2, 11], "rotation": 180, "texture": "#0"},
				"down": {"uv": [1, 9, 2, 11], "texture": "#0"}
			}
		},
		{
			"from": [1, 7.6619, -1.77258],
			"to": [4, 8.6619, 0.22742],
			"rotation": {"angle": -45, "axis": "x", "origin": [8, 7.92712, 8.30151]},
			"faces": {
				"north": {"uv": [14, 14, 15, 15], "texture": "#0"},
				"east": {"uv": [14, 13, 15, 15], "rotation": 270, "texture": "#0"},
				"south": {"uv": [14, 13, 15, 14], "texture": "#0"},
				"west": {"uv": [14, 13, 15, 15], "rotation": 90, "texture": "#0"},
				"up": {"uv": [14, 13, 15, 15], "rotation": 180, "texture": "#0"},
				"down": {"uv": [14, 13, 15, 15], "texture": "#0"}
			}
		},
		{
			"from": [5, 8.0119, 15.19798],
			"to": [11, 9.0119, 17.19798],
			"rotation": {"angle": -45, "axis": "x", "origin": [8, 7.92712, 8.30151]},
			"faces": {
				"north": {"uv": [5, 2, 11, 3], "texture": "#0"},
				"east": {"uv": [0, 0, 2, 1], "texture": "#0"},
				"south": {"uv": [11, 1, 5, 2], "texture": "#0"},
				"west": {"uv": [0, 0, 2, 1], "texture": "#0"},
				"up": {"uv": [5, 1, 11, 3], "rotation": 180, "texture": "#0"},
				"down": {"uv": [5, 3, 11, 1], "rotation": 180, "texture": "#0"}
			}
		},
		{
			"from": [5, 8.0119, 9.54113],
			"to": [11, 9.0119, 11.54113],
			"rotation": {"angle": -45, "axis": "x", "origin": [8, 7.92712, 8.30151]},
			"faces": {
				"north": {"uv": [5, 6, 11, 7], "texture": "#0"},
				"east": {"uv": [0, 0, 2, 1], "texture": "#0"},
				"south": {"uv": [11, 5, 5, 6], "texture": "#0"},
				"west": {"uv": [0, 0, 2, 1], "texture": "#0"},
				"up": {"uv": [5, 5, 11, 7], "rotation": 180, "texture": "#0"},
				"down": {"uv": [5, 7, 11, 5], "rotation": 180, "texture": "#0"}
			}
		},
		{
			"from": [5, 8.00479, 3.17716],
			"to": [11, 9.00479, 5.17716],
			"rotation": {"angle": -45, "axis": "x", "origin": [8, 7.92712, 8.30151]},
			"faces": {
				"north": {"uv": [5, 10, 11, 11], "texture": "#0"},
				"east": {"uv": [0, 0, 2, 1], "texture": "#0"},
				"south": {"uv": [11, 9, 5, 10], "texture": "#0"},
				"west": {"uv": [0, 0, 2, 1], "texture": "#0"},
				"up": {"uv": [5, 9, 11, 11], "rotation": 180, "texture": "#0"},
				"down": {"uv": [5, 11, 11, 9], "rotation": 180, "texture": "#0"}
			}
		},
		{
			"from": [5, 8.0119, -1.77258],
			"to": [11, 9.0119, 0.22742],
			"rotation": {"angle": -45, "axis": "x", "origin": [8, 7.92712, 8.30151]},
			"faces": {
				"north": {"uv": [5, 14, 11, 15], "texture": "#0"},
				"east": {"uv": [0, 0, 2, 1], "texture": "#0"},
				"south": {"uv": [11, 13, 5, 14], "texture": "#0"},
				"west": {"uv": [0, 0, 2, 1], "texture": "#0"},
				"up": {"uv": [5, 13, 11, 15], "rotation": 180, "texture": "#0"},
				"down": {"uv": [5, 15, 11, 13], "rotation": 180, "texture": "#0"}
			}
		},
		{
			"from": [7, 7.994, 11.55166],
			"to": [9, 8.994, 15.20166],
			"rotation": {"angle": -45, "axis": "x", "origin": [8, 7.92712, 8.30151]},
			"faces": {
				"north": {"uv": [7, 4, 9, 5], "texture": "#0"},
				"east": {"uv": [7, 3, 8, 5], "rotation": 270, "texture": "#0"},
				"south": {"uv": [7, 3, 9, 4], "rotation": 180, "texture": "#0"},
				"west": {"uv": [8, 3, 9, 5], "rotation": 90, "texture": "#0"},
				"up": {"uv": [7, 3, 9, 5], "rotation": 180, "texture": "#0"},
				"down": {"uv": [7, 5, 9, 3], "rotation": 180, "texture": "#0"}
			}
		},
		{
			"from": [7, 8.00111, 5.17691],
			"to": [9, 9.00111, 9.55191],
			"rotation": {"angle": -45, "axis": "x", "origin": [8, 7.92712, 8.30151]},
			"faces": {
				"north": {"uv": [7, 8, 9, 9], "texture": "#0"},
				"east": {"uv": [7, 7, 8, 9], "rotation": 270, "texture": "#0"},
				"south": {"uv": [7, 7, 9, 8], "rotation": 180, "texture": "#0"},
				"west": {"uv": [8, 7, 9, 9], "rotation": 90, "texture": "#0"},
				"up": {"uv": [7, 7, 9, 9], "rotation": 180, "texture": "#0"},
				"down": {"uv": [7, 9, 9, 7], "rotation": 180, "texture": "#0"}
			}
		},
		{
			"from": [7, 8.00111, 0.23084],
			"to": [9, 9.00111, 3.18084],
			"rotation": {"angle": -45, "axis": "x", "origin": [8, 7.92712, 8.30151]},
			"faces": {
				"north": {"uv": [7, 12, 9, 13], "texture": "#0"},
				"east": {"uv": [7, 11, 8, 13], "rotation": 270, "texture": "#0"},
				"south": {"uv": [7, 11, 9, 12], "rotation": 180, "texture": "#0"},
				"west": {"uv": [8, 11, 9, 13], "rotation": 90, "texture": "#0"},
				"up": {"uv": [7, 11, 9, 13], "rotation": 180, "texture": "#0"},
				"down": {"uv": [7, 13, 9, 11], "rotation": 180, "texture": "#0"}
			}
		},
		{
			"from": [12, 8.6619, -2.2873],
			"to": [14, 9.6619, 20.7127],
			"rotation": {"angle": -45, "axis": "x", "origin": [8, 7.92712, 8.30151]},
			"faces": {
				"north": {"uv": [2, 15, 4, 16], "texture": "#0"},
				"east": {"uv": [2, 16, 3, 0], "rotation": 90, "texture": "#0"},
				"south": {"uv": [2, 15, 4, 16], "rotation": 180, "texture": "#0"},
				"west": {"uv": [3, 16, 4, 0], "rotation": 270, "texture": "#0"},
				"up": {"uv": [2, 0, 4, 16], "rotation": 180, "texture": "#0"},
				"down": {"uv": [2, 0, 4, 16], "rotation": 180, "texture": "#0"}
			}
		},
		{
			"from": [2, 8.6619, -2.2873],
			"to": [4, 9.6619, 20.7127],
			"rotation": {"angle": -45, "axis": "x", "origin": [8, 7.92712, 8.30151]},
			"faces": {
				"north": {"uv": [12, 15, 14, 16], "texture": "#0"},
				"east": {"uv": [12, 0, 13, 16], "rotation": 270, "texture": "#0"},
				"south": {"uv": [14, 0, 12, 1], "texture": "#0"},
				"west": {"uv": [13, 0, 14, 16], "rotation": 90, "texture": "#0"},
				"up": {"uv": [12, 0, 14, 16], "rotation": 180, "texture": "#0"},
				"down": {"uv": [12, 0, 14, 16], "rotation": 180, "texture": "#0"}
			}
		},
		{
			"from": [11, 8.0119, -3.0373],
			"to": [12, 9.0119, 19.9627],
			"rotation": {"angle": -45, "axis": "x", "origin": [8, 7.92712, 8.30151]},
			"faces": {
				"north": {"uv": [4, 0, 5, 1], "texture": "#0"},
				"east": {"uv": [4, 16, 5, 0], "rotation": 90, "texture": "#0"},
				"south": {"uv": [4, 0, 5, 1], "texture": "#0"},
				"west": {"uv": [4, 0, 5, 16], "rotation": 90, "texture": "#0"},
				"up": {"uv": [4, 0, 5, 16], "rotation": 180, "texture": "#0"},
				"down": {"uv": [4, 16, 5, 0], "rotation": 180, "texture": "#0"}
			}
		},
		{
			"from": [4, 8.0119, -3.0373],
			"to": [5, 9.0119, 19.9627],
			"rotation": {"angle": -45, "axis": "x", "origin": [8, 7.92712, 8.30151]},
			"faces": {
				"north": {"uv": [11, 15, 12, 16], "texture": "#0"},
				"east": {"uv": [11, 16, 12, 0], "rotation": 90, "texture": "#0"},
				"south": {"uv": [11, 0, 12, 1], "texture": "#0"},
				"west": {"uv": [11, 0, 12, 16], "rotation": 90, "texture": "#0"},
				"up": {"uv": [11, 0, 12, 16], "rotation": 180, "texture": "#0"},
				"down": {"uv": [11, 16, 12, 0], "rotation": 180, "texture": "#0"}
			}
		}
	],
	"groups": [
		{
			"name": "Wood",
			"origin": [0, 0, 0],
			"children": [0, 1, 2, 3, 4, 5, 6, 7, 8, 9, 10, 11, 12, 13, 14]
		},
		{
			"name": "Rail",
			"origin": [0, 0, 0],
			"children": [15, 16]
		},
		{
			"name": "gOlD",
			"origin": [8, 8, 8],
			"children": [17, 18]
		}
	]
}